
--class--
INSERT INTO class (class_id, course_name, course_num, section_name, term, class_desc) VALUES (1, 'Math', 361, '4001', '18-fall', 'sapien cursus vestibulum');
INSERT INTO class (class_id, course_name, course_num, section_name, term, class_desc) VALUES (2, 'English', 101, '3003', '20-Spring', 'dui maecenas tristique est et');
INSERT INTO class (class_id, course_name, course_num, section_name, term, class_desc) VALUES (3, 'Science', 222, '1000', '19-Spring', 'cras mi pede malesuada');

--category--
INSERT INTO category (cat_id,cat_name,cat_weight,class_id) VALUES (1, 'test', 25, 2);
INSERT INTO category (cat_id,cat_name,cat_weight,class_id) VALUES (2, 'test', 40, 1);
INSERT INTO category (cat_id,cat_name,cat_weight,class_id) VALUES (3, 'quiz', 35, 1);
INSERT INTO category (cat_id,cat_name,cat_weight,class_id) VALUES (4, 'quiz', 40, 3);
INSERT INTO category (cat_id,cat_name,cat_weight,class_id) VALUES (5, 'homework', 35, 1);
INSERT INTO category (cat_id,cat_name,cat_weight,class_id) VALUES (6, 'test', 35, 3);
INSERT INTO category (cat_id,cat_name,cat_weight,class_id) VALUES (7, 'homework', 40, 3);
INSERT INTO category (cat_id,cat_name,cat_weight,class_id) VALUES (8, 'homework', 40, 1);
INSERT INTO category (cat_id,cat_name,cat_weight,class_id) VALUES (9, 'homework', 25, 3);

--item--
INSERT INTO item (item_id, item_name, item_points_worth, item_desc, cat_id) VALUES (1, 'quiz1', 100, 'nibh. Each offset', 2);
INSERT INTO item (item_id, item_name, item_points_worth, item_desc, cat_id) VALUES (2, 'quiz3', 100, 'soccer homework time', 1);
INSERT INTO item (item_id, item_name, item_points_worth, item_desc, cat_id) VALUES (3, 'homework3', 100, 'my cat, undergraduate', 4);
INSERT INTO item (item_id, item_name, item_points_worth, item_desc, cat_id) VALUES (4, 'homework3', 100, 'Listing basketball, blah', 3);
INSERT INTO item (item_id, item_name, item_points_worth, item_desc, cat_id) VALUES (5, 'test3', 100, 'said sapien. Jasmine', 6);
INSERT INTO item (item_id, item_name, item_points_worth, item_desc, cat_id) VALUES (6, 'test1', 100, 'television clinical developers', 1);
INSERT INTO item (item_id, item_name, item_points_worth, item_desc, cat_id) VALUES (7, 'quiz3', 100, 'the leaven or', 3);
INSERT INTO item (item_id, item_name, item_points_worth, item_desc, cat_id) VALUES (8, 'test2', 100, 'By begun.', 4);
INSERT INTO item (item_id, item_name, item_points_worth, item_desc, cat_id) VALUES (9, 'homework3', 100, 'would be nothing.', 6);
INSERT INTO item (item_id, item_name, item_points_worth, item_desc, cat_id) VALUES (10, 'homework1', 100, 'ecological, my dear', 3);
INSERT INTO item (item_id, item_name, item_points_worth, item_desc, cat_id) VALUES (11, 'test3', 100, 'present impact. Chat', 5);
INSERT INTO item (item_id, item_name, item_points_worth, item_desc, cat_id) VALUES (12, 'quiz3', 100, 'chocolate, lorem ipsum', 2);
INSERT INTO item (item_id, item_name, item_points_worth, item_desc, cat_id) VALUES (13, 'homework1', 100, 'developer of technologies', 6);
INSERT INTO item (item_id, item_name, item_points_worth, item_desc, cat_id) VALUES (14, 'quiz3', 100, 'soft chocolate. Nam', 3);
INSERT INTO item (item_id, item_name, item_points_worth, item_desc, cat_id) VALUES (15, 'quiz3 ',' 100 ',' life was. Live ', 6);
INSERT INTO item (item_id, item_name, item_points_worth, item_desc, cat_id) VALUES (16, 'homework3', 100, 'Even Laoreet free', 2);
INSERT INTO item (item_id, item_name, item_points_worth, item_desc, cat_id) VALUES (17, 'homework1 ',' 100 ',' For any large', 3);
INSERT INTO item (item_id, item_name, item_points_worth, item_desc, cat_id) VALUES (18, 'test2', 100, 'may or pot', 4);
INSERT INTO item (item_id, item_name, item_points_worth, item_desc, cat_id) VALUES (19, 'test2', 100, 'may or pot', 4);
INSERT INTO item (item_id, item_name, item_points_worth, item_desc, cat_id) VALUES (20, 'homework2', 100, 'pot and inexpensive', 5);
INSERT INTO item (item_id, item_name, item_points_worth, item_desc, cat_id) VALUES (21, 'test3', 100, 'but, easy life', 6);
INSERT INTO item (item_id, item_name, item_points_worth, item_desc, cat_id) VALUES (22, 'test1', 100, 'television clinical developers', 1);
INSERT INTO item (item_id, item_name, item_points_worth, item_desc, cat_id) VALUES (23, 'quiz3 ',' 100 ',' ugly poverty. Clinical ', 1);
INSERT INTO item (item_id, item_name, item_points_worth, item_desc, cat_id) VALUES (24, 'test1', 100, 'but no salad', 3);
INSERT INTO item (item_id, item_name, item_points_worth, item_desc, cat_id) VALUES (25, 'quiz3 ',' 100 ',' chocolate, lorem ipsum ', 2);
INSERT INTO item (item_id, item_name, item_points_worth, item_desc, cat_id) VALUES (26, 'quiz3 ',' 100 ',' the girls ', 5);
INSERT INTO item (item_id, item_name, item_points_worth, item_desc, cat_id) VALUES (27, 'quiz1', 100, 'lorem, carrots', 5);

--student--
INSERT INTO student (student_id, username, student_name) VALUES (1, 'ldedam0', 'Lucie Dedam');
INSERT INTO student (student_id, username, student_name) VALUES (2, 'sskerm1', 'Sidoney Skerm');
INSERT INTO student (student_id, username, student_name) VALUES (3, 'emarklow2', 'Erhart Marklow');
INSERT INTO student (student_id, username, student_name) VALUES (4, 'hpurvis3', 'Huey Purvis');
INSERT INTO student (student_id, username, student_name) VALUES (5, 'jdacre4', 'Julia Dacre');
INSERT INTO student (student_id, username, student_name) VALUES (6, 'bdeath5', 'Bonita De''Ath');
INSERT INTO student (student_id, username, student_name) VALUES (7, 'hboothman6', 'Henrieta Boothman');
INSERT INTO student (student_id, username, student_name) VALUES (8, 'smingauld7', 'Starlene Mingauld');
INSERT INTO student (student_id, username, student_name) VALUES (9, 'kritchley8', 'Katy Ritchley');
INSERT INTO student (student_id, username, student_name) VALUES (10, 'tpietruszewicz9', 'Terrijo Pietruszewicz');
INSERT INTO student (student_id, username, student_name) VALUES (11, 'bgladhilla', 'Bibbye Gladhill');
INSERT INTO student (student_id, username, student_name) VALUES (12, 'dtrinemanb', 'Davis Trineman');
INSERT INTO student (student_id, username, student_name) VALUES (13, 'sdyballc', 'Sloan Dyball');
INSERT INTO student (student_id, username, student_name) VALUES (14, 'nbrackenburyd', 'Nara Brackenbury');
INSERT INTO student (student_id, username, student_name) VALUES (15, 'cwymere', 'Carly Wymer');
INSERT INTO student (student_id, username, student_name) VALUES (16, 'lforanf', 'Loise Foran');
INSERT INTO student (student_id, username, student_name) VALUES (17, 'rfomichking', 'Roland Fomichkin');
INSERT INTO student (student_id, username, student_name) VALUES (18, 'aatwelh', 'Alane Atwel');
INSERT INTO student (student_id, username, student_name) VALUES (19, 'dlehriani', 'Dorry Lehrian');
INSERT INTO student (student_id, username, student_name) VALUES (20, 'jrainerj', 'Jory Rainer');
INSERT INTO student (student_id, username, student_name) VALUES (21, 'pshackelk', 'Patton Shackel');
INSERT INTO student (student_id, username, student_name) VALUES (22, 'kmaithl', 'Kirstin Maith');
INSERT INTO student (student_id, username, student_name) VALUES (23, 'lrobertazzim', 'Launce Robertazzi');
INSERT INTO student (student_id, username, student_name) VALUES (24, 'gboolen', 'Griffy Boole');
INSERT INTO student (student_id, username, student_name) VALUES (25, 'fricciardio', 'Ferdinand Ricciardi');
INSERT INTO student (student_id, username, student_name) VALUES (26, 'dsketp', 'Dorolisa Sket');
INSERT INTO student (student_id, username, student_name) VALUES (27, 'bcrawcourq', 'Bertie Crawcour');
INSERT INTO student (student_id, username, student_name) VALUES (28, 'ablurtonr', 'Allie Blurton');
INSERT INTO student (student_id, username, student_name) VALUES (29, 'tosmints', 'Tomaso Osmint');
INSERT INTO student (student_id, username, student_name) VALUES (30, 'nbrotherhoodt', 'Noami Brotherhood');
INSERT INTO student (student_id, username, student_name) VALUES (31, 'ddeeu', 'Dee dee Spenceley');
INSERT INTO student (student_id, username, student_name) VALUES (32, 'jarmalv', 'Jorey Armal');
INSERT INTO student (student_id, username, student_name) VALUES (33, 'tpatleyw', 'Toma Patley');
INSERT INTO student (student_id, username, student_name) VALUES (34, 'kbuckokex', 'Kahaleel Buckoke');
INSERT INTO student (student_id, username, student_name) VALUES (35, 'kscarletty', 'Katheryn Scarlett');
INSERT INTO student (student_id, username, student_name) VALUES (36, 'wmillz', 'Wes Mill');
INSERT INTO student (student_id, username, student_name) VALUES (37, 'glinley10', 'Gustave Linley');
INSERT INTO student (student_id, username, student_name) VALUES (38, 'mchastel11', 'Minni Chastel');
INSERT INTO student (student_id, username, student_name) VALUES (39, 'sarthey12', 'Shermie Arthey');
INSERT INTO student (student_id, username, student_name) VALUES (40, 'vbolstridge13', 'Venus Bolstridge');
INSERT INTO student (student_id, username, student_name) VALUES (41, 'egillcrist14', 'Eleanor Gillcrist');
INSERT INTO student (student_id, username, student_name) VALUES (42, 'hsnowdon15', 'Humbert Snowdon');
INSERT INTO student (student_id, username, student_name) VALUES (43, 'edautry16', 'Edd Dautry');
INSERT INTO student (student_id, username, student_name) VALUES (44, 'dloft17', 'Daniela Loft');
INSERT INTO student (student_id, username, student_name) VALUES (45, 'atrazzi18', 'Alvina Trazzi');
INSERT INTO student (student_id, username, student_name) VALUES (46, 'bsharrock19', 'Boycie Sharrock');
INSERT INTO student (student_id, username, student_name) VALUES (47, 'rgrimsdell1a', 'Roland Grimsdell');
INSERT INTO student (student_id, username, student_name) VALUES (48, 'omanjin1b', 'Oren Manjin');
INSERT INTO student (student_id, username, student_name) VALUES (49, 'rmelladew1c', 'Roth Melladew');
INSERT INTO student (student_id, username, student_name) VALUES (50, 'ccustard1d', 'Claudian Custard');
INSERT INTO student (student_id, username, student_name) VALUES (51, 'fvineall1e', 'Findley Vineall');
INSERT INTO student (student_id, username, student_name) VALUES (52, 'gantyshev1f', 'Gloriana Antyshev');
INSERT INTO student (student_id, username, student_name) VALUES (53, 'ogrevile1g', 'Oralee Grevile');
INSERT INTO student (student_id, username, student_name) VALUES (54, 'drossoni1h', 'Delmar Rossoni');
INSERT INTO student (student_id, username, student_name) VALUES (55, 'aeagell1i', 'Ax Eagell');
INSERT INTO student (student_id, username, student_name) VALUES (56, 'farnholz1j', 'Frankie Arnholz');
INSERT INTO student (student_id, username, student_name) VALUES (57, 'rholton1k', 'Rae Holton');
INSERT INTO student (student_id, username, student_name) VALUES (58, 'gwain1l', 'Gage Wain');
INSERT INTO student (student_id, username, student_name) VALUES (59, 'smacguffog1m', 'Shane MacGuffog');
INSERT INTO student (student_id, username, student_name) VALUES (60, 'ijuggings1n', 'Ilse Juggings');

--grade--
INSERT INTO grade (grade_id, score, student_id, item_id) VALUES (1, 90, 49, 12);
INSERT INTO grade (grade_id, score, student_id, item_id) VALUES (2, 15, 53, 22);
INSERT INTO grade (grade_id, score, student_id, item_id) VALUES (3, 3, 33, 9);
INSERT INTO grade (grade_id, score, student_id, item_id) VALUES (4, 21, 3, 23);
INSERT INTO grade (grade_id, score, student_id, item_id) VALUES (5, 50, 33, 20);
INSERT INTO grade (grade_id, score, student_id, item_id) VALUES (6, 28, 53, 16);
INSERT INTO grade (grade_id, score, student_id, item_id) VALUES (7, 10, 22, 10);
INSERT INTO grade (grade_id, score, student_id, item_id) VALUES (8, 5, 11, 9);
INSERT INTO grade (grade_id, score, student_id, item_id) VALUES (9, 89, 12, 21);
INSERT INTO grade (grade_id, score, student_id, item_id) VALUES (10, 99, 12, 9);
INSERT INTO grade (grade_id, score, student_id, item_id) VALUES (11, 100, 56, 10);
INSERT INTO grade (grade_id, score, student_id, item_id) VALUES (12, 21, 60, 3);
INSERT INTO grade (grade_id, score, student_id, item_id) VALUES (13, 90, 34, 4);
INSERT INTO grade (grade_id, score, student_id, item_id) VALUES (14, 98, 14, 21);
INSERT INTO grade (grade_id, score, student_id, item_id) VALUES (15, 1, 4, 27);
INSERT INTO grade (grade_id, score, student_id, item_id) VALUES (16, 35, 59, 23);
INSERT INTO grade (grade_id, score, student_id, item_id) VALUES (17, 50, 3, 4);
INSERT INTO grade (grade_id, score, student_id, item_id) VALUES (18, 50, 11, 15);
INSERT INTO grade (grade_id, score, student_id, item_id) VALUES (19, 77, 35, 11);
INSERT INTO grade (grade_id, score, student_id, item_id) VALUES (20, 48, 54, 27);
INSERT INTO grade (grade_id, score, student_id, item_id) VALUES (21, 46, 37, 9);
INSERT INTO grade (grade_id, score, student_id, item_id) VALUES (22, 56, 55, 13);
INSERT INTO grade (grade_id, score, student_id, item_id) VALUES (23, 54, 10, 8);
INSERT INTO grade (grade_id, score, student_id, item_id) VALUES (24, 23, 27, 2);
INSERT INTO grade (grade_id, score, student_id, item_id) VALUES (25, 48, 24, 17);
INSERT INTO grade (grade_id, score, student_id, item_id) VALUES (26, 59, 33, 22);
INSERT INTO grade (grade_id, score, student_id, item_id) VALUES (27, 56, 31, 24);
INSERT INTO grade (grade_id, score, student_id, item_id) VALUES (28, 74, 3, 2);
INSERT INTO grade (grade_id, score, student_id, item_id) VALUES (29, 23, 2, 14);
INSERT INTO grade (grade_id, score, student_id, item_id) VALUES (30, 48, 24, 7);
INSERT INTO grade (grade_id, score, student_id, item_id) VALUES (31, 28, 28, 3);
INSERT INTO grade (grade_id, score, student_id, item_id) VALUES (32, 71, 17, 15);
INSERT INTO grade (grade_id, score, student_id, item_id) VALUES (33, 24, 21, 2);
INSERT INTO grade (grade_id, score, student_id, item_id) VALUES (34, 52, 53, 9);
INSERT INTO grade (grade_id, score, student_id, item_id) VALUES (35, 82, 14, 3);
INSERT INTO grade (grade_id, score, student_id, item_id) VALUES (36, 51, 59, 6);
INSERT INTO grade (grade_id, score, student_id, item_id) VALUES (37, 83, 45, 6);
INSERT INTO grade (grade_id, score, student_id, item_id) VALUES (38, 24, 11, 24);
INSERT INTO grade (grade_id, score, student_id, item_id) VALUES (39, 91, 23, 17);
INSERT INTO grade (grade_id, score, student_id, item_id) VALUES (40, 67, 9, 22);
INSERT INTO grade (grade_id, score, student_id, item_id) VALUES (41, 62, 29, 12);
INSERT INTO grade (grade_id, score, student_id, item_id) VALUES (42, 66, 47, 22);
INSERT INTO grade (grade_id, score, student_id, item_id) VALUES (43, 3, 52, 12);
INSERT INTO grade (grade_id, score, student_id, item_id) VALUES (44, 75, 53, 22);
INSERT INTO grade (grade_id, score, student_id, item_id) VALUES (45, 47, 57, 14);
INSERT INTO grade (grade_id, score, student_id, item_id) VALUES (46, 47, 14, 4);
INSERT INTO grade (grade_id, score, student_id, item_id) VALUES (47, 26, 31, 23);
INSERT INTO grade (grade_id, score, student_id, item_id) VALUES (48, 72, 33, 14);
INSERT INTO grade (grade_id, score, student_id, item_id) VALUES (49, 59, 55, 13);
INSERT INTO grade (grade_id, score, student_id, item_id) VALUES (50, 18, 10, 24);
INSERT INTO grade (grade_id, score, student_id, item_id) VALUES (51, 55, 1, 7);
INSERT INTO grade (grade_id, score, student_id, item_id) VALUES (52, 97, 46, 5);
INSERT INTO grade (grade_id, score, student_id, item_id) VALUES (53, 40, 15, 19);
INSERT INTO grade (grade_id, score, student_id, item_id) VALUES (54, 81, 53, 9);
INSERT INTO grade (grade_id, score, student_id, item_id) VALUES (55, 2, 16, 6);
INSERT INTO grade (grade_id, score, student_id, item_id) VALUES (56, 18, 7, 11);
INSERT INTO grade (grade_id, score, student_id, item_id) VALUES (57, 36, 14, 20);
INSERT INTO grade (grade_id, score, student_id, item_id) VALUES (58, 1, 34, 19);
INSERT INTO grade (grade_id, score, student_id, item_id) VALUES (59, 26, 41, 23);
INSERT INTO grade (grade_id, score, student_id, item_id) VALUES (60, 45, 9, 6);
INSERT INTO grade (grade_id, score, student_id, item_id) VALUES (61, 6, 43, 16);
INSERT INTO grade (grade_id, score, student_id, item_id) VALUES (62, 47, 42, 15);
INSERT INTO grade (grade_id, score, student_id, item_id) VALUES (63, 57, 42, 26);
INSERT INTO grade (grade_id, score, student_id, item_id) VALUES (64, 54, 37, 18);
INSERT INTO grade (grade_id, score, student_id, item_id) VALUES (65, 20, 40, 24);
INSERT INTO grade (grade_id, score, student_id, item_id) VALUES (66, 21, 54, 27);
INSERT INTO grade (grade_id, score, student_id, item_id) VALUES (67, 61, 33, 11);
INSERT INTO grade (grade_id, score, student_id, item_id) VALUES (68, 4, 11, 9);
INSERT INTO grade (grade_id, score, student_id, item_id) VALUES (69, 97, 12, 22);
INSERT INTO grade (grade_id, score, student_id, item_id) VALUES (70, 31, 9, 7);
INSERT INTO grade (grade_id, score, student_id, item_id) VALUES (71, 2, 24, 3);
INSERT INTO grade (grade_id, score, student_id, item_id) VALUES (72, 98, 18, 11);
INSERT INTO grade (grade_id, score, student_id, item_id) VALUES (73, 100, 59, 21);
INSERT INTO grade (grade_id, score, student_id, item_id) VALUES (74, 79, 11, 1);
INSERT INTO grade (grade_id, score, student_id, item_id) VALUES (75, 56, 27, 19);
INSERT INTO grade (grade_id, score, student_id, item_id) VALUES (76, 7, 30, 2);
INSERT INTO grade (grade_id, score, student_id, item_id) VALUES (77, 70, 18, 20);
INSERT INTO grade (grade_id, score, student_id, item_id) VALUES (78, 39, 5, 24);
INSERT INTO grade (grade_id, score, student_id, item_id) VALUES (79, 59, 38, 25);
INSERT INTO grade (grade_id, score, student_id, item_id) VALUES (80, 8, 1, 15);
INSERT INTO grade (grade_id, score, student_id, item_id) VALUES (81, 81, 56, 14);
INSERT INTO grade (grade_id, score, student_id, item_id) VALUES (82, 58, 5, 3);
INSERT INTO grade (grade_id, score, student_id, item_id) VALUES (83, 40, 52, 12);
INSERT INTO grade (grade_id, score, student_id, item_id) VALUES (84, 93, 51, 17);
INSERT INTO grade (grade_id, score, student_id, item_id) VALUES (85, 76, 55, 2);
INSERT INTO grade (grade_id, score, student_id, item_id) VALUES (86, 11, 37, 26);
INSERT INTO grade (grade_id, score, student_id, item_id) VALUES (87, 1, 31, 10);
INSERT INTO grade (grade_id, score, student_id, item_id) VALUES (88, 30, 43, 17);
INSERT INTO grade (grade_id, score, student_id, item_id) VALUES (89, 51, 38, 23);
INSERT INTO grade (grade_id, score, student_id, item_id) VALUES (90, 39, 35, 6);
INSERT INTO grade (grade_id, score, student_id, item_id) VALUES (91, 43, 47, 4);
INSERT INTO grade (grade_id, score, student_id, item_id) VALUES (92, 98, 46, 13);
INSERT INTO grade (grade_id, score, student_id, item_id) VALUES (93, 67, 3, 11);
INSERT INTO grade (grade_id, score, student_id, item_id) VALUES (94, 28, 53, 1);
INSERT INTO grade (grade_id, score, student_id, item_id) VALUES (95, 64, 56, 10);
INSERT INTO grade (grade_id, score, student_id, item_id) VALUES (96, 12, 34, 13);
INSERT INTO grade (grade_id, score, student_id, item_id) VALUES (97, 39, 25, 25);
INSERT INTO grade (grade_id, score, student_id, item_id) VALUES (98, 48, 38, 21);
INSERT INTO grade (grade_id, score, student_id, item_id) VALUES (99, 93, 23, 7);
INSERT INTO grade (grade_id, score, student_id, item_id) VALUES (100, 82, 46, 17);
INSERT INTO grade (grade_id, score, student_id, item_id) VALUES (101, 29, 37, 25);
INSERT INTO grade (grade_id, score, student_id, item_id) VALUES (102, 38, 29, 17);
INSERT INTO grade (grade_id, score, student_id, item_id) VALUES (103, 5, 52, 27);
INSERT INTO grade (grade_id, score, student_id, item_id) VALUES (104, 31, 11, 1);
INSERT INTO grade (grade_id, score, student_id, item_id) VALUES (105, 70, 54, 15);
INSERT INTO grade (grade_id, score, student_id, item_id) VALUES (106, 100, 58, 22);
INSERT INTO grade (grade_id, score, student_id, item_id) VALUES (107, 62, 20, 22);
INSERT INTO grade (grade_id, score, student_id, item_id) VALUES (108, 80, 59, 11);
INSERT INTO grade (grade_id, score, student_id, item_id) VALUES (109, 20, 30, 18);
INSERT INTO grade (grade_id, score, student_id, item_id) VALUES (110, 78, 19, 18);
INSERT INTO grade (grade_id, score, student_id, item_id) VALUES (111, 96, 24, 21);
INSERT INTO grade (grade_id, score, student_id, item_id) VALUES (112, 28, 23, 20);
INSERT INTO grade (grade_id, score, student_id, item_id) VALUES (113, 92, 43, 7);
INSERT INTO grade (grade_id, score, student_id, item_id) VALUES (114, 28, 38, 15);
INSERT INTO grade (grade_id, score, student_id, item_id) VALUES (115, 93, 52, 19);
INSERT INTO grade (grade_id, score, student_id, item_id) VALUES (116, 34, 23, 13);
INSERT INTO grade (grade_id, score, student_id, item_id) VALUES (117, 37, 47, 11);
INSERT INTO grade (grade_id, score, student_id, item_id) VALUES (118, 51, 26, 6);
INSERT INTO grade (grade_id, score, student_id, item_id) VALUES (119, 24, 42, 24);
INSERT INTO grade (grade_id, score, student_id, item_id) VALUES (120, 78, 26, 14);
INSERT INTO grade (grade_id, score, student_id, item_id) VALUES (121, 92, 24, 17);
INSERT INTO grade (grade_id, score, student_id, item_id) VALUES (122, 29, 29, 8);
INSERT INTO grade (grade_id, score, student_id, item_id) VALUES (123, 43, 28, 7);
INSERT INTO grade (grade_id, score, student_id, item_id) VALUES (124, 83, 26, 4);
INSERT INTO grade (grade_id, score, student_id, item_id) VALUES (125, 82, 18, 7);
INSERT INTO grade (grade_id, score, student_id, item_id) VALUES (126, 80, 49, 19);
INSERT INTO grade (grade_id, score, student_id, item_id) VALUES (127, 77, 26, 15);
INSERT INTO grade (grade_id, score, student_id, item_id) VALUES (128, 75, 22, 21);
INSERT INTO grade (grade_id, score, student_id, item_id) VALUES (129, 66, 7, 24);
INSERT INTO grade (grade_id, score, student_id, item_id) VALUES (130, 71, 59, 11);
INSERT INTO grade (grade_id, score, student_id, item_id) VALUES (131, 92, 27, 4);
INSERT INTO grade (grade_id, score, student_id, item_id) VALUES (132, 55, 5, 13);
INSERT INTO grade (grade_id, score, student_id, item_id) VALUES (133, 98, 51, 2);
INSERT INTO grade (grade_id, score, student_id, item_id) VALUES (134, 43, 45, 27);
INSERT INTO grade (grade_id, score, student_id, item_id) VALUES (135, 32, 34, 21);
INSERT INTO grade (grade_id, score, student_id, item_id) VALUES (136, 65, 21, 5);
INSERT INTO grade (grade_id, score, student_id, item_id) VALUES (137, 72, 45, 15);
INSERT INTO grade (grade_id, score, student_id, item_id) VALUES (138, 77, 16, 21);
INSERT INTO grade (grade_id, score, student_id, item_id) VALUES (139, 26, 44, 12);
INSERT INTO grade (grade_id, score, student_id, item_id) VALUES (140, 55, 16, 27);
INSERT INTO grade (grade_id, score, student_id, item_id) VALUES (141, 35, 17, 24);
INSERT INTO grade (grade_id, score, student_id, item_id) VALUES (142, 91, 28, 17);
INSERT INTO grade (grade_id, score, student_id, item_id) VALUES (143, 91, 9, 11);
INSERT INTO grade (grade_id, score, student_id, item_id) VALUES (144, 35, 31, 23);
INSERT INTO grade (grade_id, score, student_id, item_id) VALUES (145, 44, 20, 15);
INSERT INTO grade (grade_id, score, student_id, item_id) VALUES (146, 95, 12, 13);
INSERT INTO grade (grade_id, score, student_id, item_id) VALUES (147, 11, 23, 16);
INSERT INTO grade (grade_id, score, student_id, item_id) VALUES (148, 97, 23, 3);
INSERT INTO grade (grade_id, score, student_id, item_id) VALUES (149, 7, 50, 2);
INSERT INTO grade (grade_id, score, student_id, item_id) VALUES (150, 69, 46, 18);
INSERT INTO grade (grade_id, score, student_id, item_id) VALUES (151, 85, 49, 14);
INSERT INTO grade (grade_id, score, student_id, item_id) VALUES (152, 98, 21, 26);
INSERT INTO grade (grade_id, score, student_id, item_id) VALUES (153, 9, 17, 22);
INSERT INTO grade (grade_id, score, student_id, item_id) VALUES (154, 39, 26, 2);
INSERT INTO grade (grade_id, score, student_id, item_id) VALUES (155, 75, 35, 12);
INSERT INTO grade (grade_id, score, student_id, item_id) VALUES (156, 61, 26, 21);
INSERT INTO grade (grade_id, score, student_id, item_id) VALUES (157, 100, 4, 17);
INSERT INTO grade (grade_id, score, student_id, item_id) VALUES (158, 45, 51, 13);
INSERT INTO grade (grade_id, score, student_id, item_id) VALUES (159, 18, 25, 6);
INSERT INTO grade (grade_id, score, student_id, item_id) VALUES (160, 76, 38, 19);
INSERT INTO grade (grade_id, score, student_id, item_id) VALUES (161, 72, 55, 6);
INSERT INTO grade (grade_id, score, student_id, item_id) VALUES (162, 81, 42, 25);
INSERT INTO grade (grade_id, score, student_id, item_id) VALUES (163, 76, 47, 18);
INSERT INTO grade (grade_id, score, student_id, item_id) VALUES (164, 93, 6, 17);
INSERT INTO grade (grade_id, score, student_id, item_id) VALUES (165, 39, 53, 5);
INSERT INTO grade (grade_id, score, student_id, item_id) VALUES (166, 94, 13, 7);
INSERT INTO grade (grade_id, score, student_id, item_id) VALUES (167, 17, 47, 24);
INSERT INTO grade (grade_id, score, student_id, item_id) VALUES (168, 24, 33, 27);
INSERT INTO grade (grade_id, score, student_id, item_id) VALUES (169, 5, 36, 25);
INSERT INTO grade (grade_id, score, student_id, item_id) VALUES (170, 93, 4, 12);
INSERT INTO grade (grade_id, score, student_id, item_id) VALUES (171, 7, 19, 26);
INSERT INTO grade (grade_id, score, student_id, item_id) VALUES (172, 39, 1, 11);
INSERT INTO grade (grade_id, score, student_id, item_id) VALUES (173, 18, 6, 18);
INSERT INTO grade (grade_id, score, student_id, item_id) VALUES (174, 46, 7, 1);
INSERT INTO grade (grade_id, score, student_id, item_id) VALUES (175, 93, 16, 16);
INSERT INTO grade (grade_id, score, student_id, item_id) VALUES (176, 57, 16, 9);
INSERT INTO grade (grade_id, score, student_id, item_id) VALUES (177, 11, 14, 12);
INSERT INTO grade (grade_id, score, student_id, item_id) VALUES (178, 89, 32, 27);
INSERT INTO grade (grade_id, score, student_id, item_id) VALUES (179, 67, 32, 2);
INSERT INTO grade (grade_id, score, student_id, item_id) VALUES (180, 95, 11, 22);

--student_class--
INSERT INTO student_class (class_id, student_id) VALUES (3, 1);
INSERT INTO student_class (class_id, student_id) VALUES (3, 2);
INSERT INTO student_class (class_id, student_id) VALUES (3, 3);
INSERT INTO student_class (class_id, student_id) VALUES (2, 4);
INSERT INTO student_class (class_id, student_id) VALUES (3, 5);
INSERT INTO student_class (class_id, student_id) VALUES (1, 6);
INSERT INTO student_class (class_id, student_id) VALUES (3, 7);
INSERT INTO student_class (class_id, student_id) VALUES (3, 8);
INSERT INTO student_class (class_id, student_id) VALUES (3, 9);
INSERT INTO student_class (class_id, student_id) VALUES (3, 10);
INSERT INTO student_class (class_id, student_id) VALUES (3, 11);
INSERT INTO student_class (class_id, student_id) VALUES (3, 12);
INSERT INTO student_class (class_id, student_id) VALUES (3, 13);
INSERT INTO student_class (class_id, student_id) VALUES (1, 14);
INSERT INTO student_class (class_id, student_id) VALUES (3, 15);
INSERT INTO student_class (class_id, student_id) VALUES (2, 16);
INSERT INTO student_class (class_id, student_id) VALUES (1, 17);
INSERT INTO student_class (class_id, student_id) VALUES (1, 18);
INSERT INTO student_class (class_id, student_id) VALUES (3, 19);
INSERT INTO student_class (class_id, student_id) VALUES (2, 20);
INSERT INTO student_class (class_id, student_id) VALUES (3, 21);
INSERT INTO student_class (class_id, student_id) VALUES (3, 22);
INSERT INTO student_class (class_id, student_id) VALUES (1, 23);
INSERT INTO student_class (class_id, student_id) VALUES (1, 24);
INSERT INTO student_class (class_id, student_id) VALUES (2, 25);
INSERT INTO student_class (class_id, student_id) VALUES (3, 26);
INSERT INTO student_class (class_id, student_id) VALUES (2, 27);
INSERT INTO student_class (class_id, student_id) VALUES (2, 28);
INSERT INTO student_class (class_id, student_id) VALUES (3, 29);
INSERT INTO student_class (class_id, student_id) VALUES (1, 30);
INSERT INTO student_class (class_id, student_id) VALUES (3, 31);
INSERT INTO student_class (class_id, student_id) VALUES (1, 32);
INSERT INTO student_class (class_id, student_id) VALUES (2, 33);
INSERT INTO student_class (class_id, student_id) VALUES (1, 34);
INSERT INTO student_class (class_id, student_id) VALUES (2, 35);
INSERT INTO student_class (class_id, student_id) VALUES (3, 36);
INSERT INTO student_class (class_id, student_id) VALUES (1, 37);
INSERT INTO student_class (class_id, student_id) VALUES (1, 38);
INSERT INTO student_class (class_id, student_id) VALUES (1, 39);
INSERT INTO student_class (class_id, student_id) VALUES (1, 40);
INSERT INTO student_class (class_id, student_id) VALUES (3, 41);
INSERT INTO student_class (class_id, student_id) VALUES (1, 42);
INSERT INTO student_class (class_id, student_id) VALUES (2, 43);
INSERT INTO student_class (class_id, student_id) VALUES (3, 44);
INSERT INTO student_class (class_id, student_id) VALUES (1, 45);
INSERT INTO student_class (class_id, student_id) VALUES (1, 46);
INSERT INTO student_class (class_id, student_id) VALUES (2, 47);
INSERT INTO student_class (class_id, student_id) VALUES (1, 48);
INSERT INTO student_class (class_id, student_id) VALUES (3, 49);
INSERT INTO student_class (class_id, student_id) VALUES (3, 50);
INSERT INTO student_class (class_id, student_id) VALUES (1, 51);
INSERT INTO student_class (class_id, student_id) VALUES (3, 52);
INSERT INTO student_class (class_id, student_id) VALUES (1, 53);
INSERT INTO student_class (class_id, student_id) VALUES (3, 54);
INSERT INTO student_class (class_id, student_id) VALUES (3, 55);
INSERT INTO student_class (class_id, student_id) VALUES (1, 56);
INSERT INTO student_class (class_id, student_id) VALUES (2, 57);
INSERT INTO student_class (class_id, student_id) VALUES (2, 58);
INSERT INTO student_class (class_id, student_id) VALUES (1, 59);
INSERT INTO student_class (class_id, student_id) VALUES (2, 60);